pr_row_id,candidate_2b_id,invoice_number,supplier_name,gstin,expected_status,expected_mismatch_type,expected_itc_at_risk
PR_0001,2B_0001,INV/23-24/3001,Wipro Technologies Pvt Ltd,29AAACW1122J1Z7,MATCHED,NONE,0.00
PR_0002,2B_0002,INV/23-24/3002,Reliance Retail Private Limited,27AABCR1234D1ZA,MATCHED,NONE,0.00
PR_0003,2B_0003,INV/23-24/3003,Apollo Tyres Ltd,32AAACA7788L1ZA,MATCHED,NONE,0.00
PR_0004,2B_0004,INV/23-24/3004,Zomato Private Limited,07AAACZ9988J1ZW,MATCHED,NONE,0.00
PR_0005,2B_0005,INV/23-24/3005,Dabur India Limited,07AAACD5566T1ZE,MATCHED,NONE,0.00
PR_0006,2B_0006,INV/23-24/3006,Vedanta Resources Ltd,08AAACV7766G1ZS,MATCHED,NONE,0.00
PR_0007,2B_0007,INV/23-24/3007,Dabur India Limited,07AAACD5566T1ZE,MATCHED,NONE,0.00
PR_0008,2B_0008,INV/23-24/3008,Britannia Industries Ltd,19AAACB6655F1ZQ,MATCHED,NONE,0.00
PR_0009,2B_0009,INV/23-24/3009,Zomato Private Limited,07AAACZ9988J1ZW,MATCHED,NONE,0.00
PR_0010,2B_0010,INV/23-24/3010,Godrej Consumer Products Ltd,27AAACG9876E1Z9,MATCHED,NONE,0.00
PR_0011,2B_0011,INV/23-24/3011,Mahindra & Mahindra Logistics Pvt Ltd,27AAACM8890K1Z1,MATCHED,NONE,0.00
PR_0012,2B_0012,INV/23-24/3012,Titan Company Ltd,29AAACT6677K1Z8,MATCHED,NONE,0.00
PR_0013,2B_0013,INV/23-24/3013,Adani Enterprises Ltd,24AAACA3322C1ZK,MATCHED,NONE,0.00
PR_0014,2B_0014,INV/23-24/3014,Adani Enterprises Ltd,24AAACA3322C1ZK,MATCHED,NONE,0.00
PR_0015,2B_0015,INV/23-24/3015,Bajaj Electricals Ltd,27AAACB2345H1Z5,MATCHED,NONE,0.00
PR_0016,2B_0016,INV/23-24/3016,Godrej Consumer Products Ltd,27AAACG9876E1Z9,MATCHED,NONE,0.00
PR_0017,2B_0017,INV/23-24/3017,Bharat Petroleum Corp Ltd,27AAACB0002G1Z6,MATCHED,NONE,0.00
PR_0018,2B_0018,INV/23-24/3018,Titan Company Ltd,29AAACT6677K1Z8,MATCHED,NONE,0.00
PR_0019,2B_0019,INV/23-24/3019,Zomato Private Limited,07AAACZ9988J1ZW,MATCHED,NONE,0.00
PR_0020,2B_0020,INV/23-24/3020,Asian Paints Limited,27AAACA0001F1Z4,MATCHED,NONE,0.00
PR_0021,2B_0021,INV/23-24/3021,Zomato Private Limited,07AAACZ9988J1ZW,MATCHED,NONE,0.00
PR_0022,2B_0022,INV/23-24/3022,Infosys Limited,29AAACI4567A1Z3,MATCHED,NONE,0.00
PR_0023,2B_0023,INV/23-24/3023,Bajaj Electricals Ltd,27AAACB2345H1Z5,MATCHED,NAME_DIFF,0.00
PR_0024,2B_0024,INV/23-24/3024,Bajaj Electricals Ltd,27AAACB2345H1Z5,MATCHED,NONE,0.00
PR_0025,2B_0025,INV/23-24/3025,Vedanta Resources Ltd,08AAACV7766G1ZS,MATCHED,NONE,0.00
PR_0026,2B_0026,INV/23-24/3026,Sun Pharmaceutical Industries Ltd,24AAACS4433D1ZM,MATCHED,NONE,0.00
PR_0027,2B_0027,INV/23-24/3027,Infosys Limited,29AAACI4567A1Z3,MATCHED,NONE,0.00
PR_0028,2B_0028,INV/23-24/3028,Sun Pharmaceutical Industries Ltd,24AAACS4433D1ZM,MISMATCHED,RATE_MISMATCH,0.00
PR_0029,2B_0029,INV/23-24/3029,Hero MotoCorp Ltd,07AAACH8877H1ZU,MATCHED,NONE,0.00
PR_0030,2B_0030,INV/23-24/3030,Bharat Petroleum Corp Ltd,27AAACB0002G1Z6,MATCHED,NONE,0.00
PR_0031,2B_0031,INV/23-24/3031,Havells India Limited,07AAACH2233P1ZC,MISMATCHED,AMOUNT_DIFF,12.50
PR_0032,2B_0032,INV/23-24/3032,Reliance Retail Private Limited,27AABCR1234D1ZA,MATCHED,NONE,0.00
PR_0033,,INV/23-24/3033,Mahindra & Mahindra Logistics Pvt Ltd,27AAACM8890K1Z1,MISMATCHED,MISSING_IN_2B,11034.00
PR_0034,2B_0034,INV/23-24/3034,UltraTech Cement Ltd,27AAACU3344R1Z0,MATCHED,NONE,0.00
PR_0035,2B_0035,INV/23-24/3035,Adani Enterprises Ltd,24AAACA3322C1ZK,MISMATCHED,DATE_PERIOD,78894.00
