id,invoice_number,invoice_date,gstin,supplier_name,taxable_value,rate,cgst,sgst,igst,total_tax,total_amount
PR_0001,INV/23-24/7001,2023-11-19,29AAACW1122J1Z7,Wipro Technologies Pvt Ltd,282600.00,28.0,0.00,0.00,79128.00,79128.00,361728.00
PR_0002,INV/23-24/7002,2023-09-08,27AAACB0002G1Z6,Bharat Petroleum Corp Ltd,82800.00,28.0,11592.00,11592.00,0.00,23184.00,105984.00
PR_0003,INV/23-24/7003,2023-10-09,07AAACD5566T1ZE,Dabur India Limited,213800.00,18.0,0.00,0.00,38484.00,38484.00,252284.00
PR_0004,INV/23-24/7004,2023-05-17,27AAACM8890K1Z1,Mahindra & Mahindra Logistics Pvt Ltd,59900.00,28.0,8386.00,8386.00,0.00,16772.00,76672.00
PR_0005,INV/23-24/7005,2023-05-20,27AABCR1234D1ZA,Reliance Retail Private Limited,358700.00,5.0,8967.50,8967.50,0.00,17935.00,376635.00
PR_0006,INV/23-24/7006,2024-01-13,27AAACM8890K1Z1,Mahindra & Mahindra Logistics Pvt Ltd,485400.00,5.0,12135.00,12135.00,0.00,24270.00,509670.00
PR_0007,INV/23-24/7007,2023-10-28,24AAACA3322C1ZK,Adani Enterprises Ltd,105100.00,18.0,0.00,0.00,18918.00,18918.00,124018.00
PR_0008,INV/23-24/7008,2023-08-26,27AAACU3344R1Z0,UltraTech Cement Ltd,47100.00,28.0,6594.00,6594.00,0.00,13188.00,60288.00
PR_0009,INV/23-24/7009,2023-05-24,27AAACC5544E1ZO,Cipla Limited,293000.00,18.0,26370.00,26370.00,0.00,52740.00,345740.00
PR_0010,INV/23-24/7010,2024-03-02,24AAACS4433D1ZM,Sun Pharmaceutical Industries Ltd,131700.00,12.0,0.00,0.00,15804.00,15804.00,147504.00
PR_0011,INV/23-24/7011,2023-09-27,32AAACA7788L1ZA,Apollo Tyres Ltd,93600.00,12.0,0.00,0.00,11232.00,11232.00,104832.00
PR_0012,INV/23-24/7012,2023-08-21,24AAACA3322C1ZK,Adani Enterprises Ltd,99100.00,18.0,0.00,0.00,17838.00,17838.00,116938.00
PR_0013,INV/23-24/7013,2024-01-13,24AAACS4433D1ZM,Sun Pharmaceutical Industries Ltd,356500.00,12.0,0.00,0.00,42780.00,42780.00,399280.00
PR_0014,INV/23-24/7014,2023-04-15,27AAACC5544E1ZO,Cipla Limited,224000.00,5.0,5600.00,5600.00,0.00,11200.00,235200.00
PR_0015,INV/23-24/7015,2023-09-21,27AAACB2345H1Z5,Bajaj Electricals Ltd,258100.00,18.0,23229.00,23229.00,0.00,46458.00,304558.00
PR_0016,INV/23-24/7016,2023-06-13,27AAACU3344R1Z0,UltraTech Cement Ltd,153600.00,5.0,3840.00,3840.00,0.00,7680.00,161280.00
PR_0017,INV/23-24/7017,2023-06-12,24AAACS4433D1ZM,Sun Pharmaceutical Industries Ltd,62000.00,28.0,0.00,0.00,17360.00,17360.00,79360.00
PR_0018,INV/23-24/7018,2023-12-28,07AAACZ9988J1ZW,Zomato Private Limited,80100.00,5.0,0.00,0.00,4005.00,4005.00,84105.00
PR_0019,INV/23-24/7019,2023-11-19,27AAACG9876E1Z9,Godrej Consumer Products Ltd,348900.00,28.0,48846.00,48846.00,0.00,97692.00,446592.00
PR_0020,INV/23-24/7020,2023-09-07,07AAACH2233P1ZC,Havells India Limited,308100.00,12.0,0.00,0.00,36972.00,36972.00,345072.00
PR_0021,INV/23-24/7021,2024-01-31,07AAACZ9988J1ZW,Zomato Private Limited,469900.00,18.0,0.00,0.00,84582.00,84582.00,554482.00
PR_0022,INV/23-24/7022,2023-06-20,27AABCR1234D1ZA,Reliance Retail Private Limited,132400.00,5.0,3310.00,3310.00,0.00,6620.00,139020.00
PR_0023,INV/23-24/7023,2023-08-18,29AAGCB1234K1ZY,Swiggy Bundl Technologies Pvt Ltd,71800.00,5.0,0.00,0.00,3590.00,3590.00,75390.00
PR_0024,INV/23-24/7024,2024-02-05,29AAACT6677K1Z8,Titan Company Ltd,402800.00,28.0,0.00,0.00,112784.00,112784.00,515584.00
PR_0025,INV/23-24/7025,2023-07-20,29AAACT6677K1Z8,Titan Company Ltd,228700.00,28.0,0.00,0.00,64036.00,64036.00,292736.00
PR_0026,INV/23-24/7026,2023-11-07,29AAGCB1234K1ZY,Swiggy Bundl Technologies Pvt Ltd,287700.00,5.0,0.00,0.00,14385.00,14385.00,302085.00
PR_0027,INV/23-24/7027,2023-12-06,27AAACL0123M1Z8,Larsen & Toubro Ltd,490800.00,18.0,44172.00,44172.00,0.00,88344.00,579144.00
PR_0028,INV/23-24/7028,2023-07-22,06AAACM9900N1ZG,Maruti Suzuki India Ltd,42200.00,18.0,0.00,0.00,7596.00,7596.00,49796.00
PR_0029,INV/23-24/7029,2023-07-14,27AAACB0002G1Z6,Bharat Petroleum Corp Ltd,11200.00,5.0,280.00,280.00,0.00,560.00,11760.00
PR_0030,INV/23-24/7030,2023-08-27,27AAACG9876E1Z9,Godrej Consumer Products Ltd,214300.00,12.0,12858.00,12858.00,0.00,25716.00,240016.00
PR_0031,INV/23-24/7031,2023-12-11,07AAACH2233P1ZC,Havells India Limited,11300.00,5.0,0.00,0.00,565.00,565.00,11865.00
PR_0032,INV/23-24/7032,2023-06-06,07AAACZ9988J1ZW,Zomato Private Limited,148900.00,28.0,0.00,0.00,41692.00,41692.00,190592.00
PR_0033,INV/23-24/7033,2024-01-12,27AAACB0002G1Z6,Bharat Petroleum Corp Ltd,414800.00,12.0,24888.00,24888.00,0.00,49776.00,464576.00
PR_0034,INV/23-24/7034,2023-10-21,08AAACV7766G1ZS,Vedanta Resources Ltd,64000.00,18.0,0.00,0.00,11520.00,11520.00,75520.00
PR_0035,INV/23-24/7035,2023-04-10,07AAACZ9988J1ZW,Zomato Private Limited,362300.00,5.0,0.00,0.00,18115.00,18115.00,380415.00
PR_0036,INV/23-24/7036,2024-01-20,29AAACT6677K1Z8,Titan Company Ltd,261400.00,5.0,0.00,0.00,13070.00,13070.00,274470.00
PR_0037,INV/23-24/7037,2023-08-27,07AAACD5566T1ZE,Dabur India Limited,347100.00,28.0,0.00,0.00,97188.00,97188.00,444288.00
PR_0038,INV/23-24/7038,2023-09-14,27AAACL0123M1Z8,Larsen & Toubro Ltd,22000.00,28.0,3080.00,3080.00,0.00,6160.00,28160.00
PR_0039,INV/23-24/7039,2023-05-16,27AAACB2345H1Z5,Bajaj Electricals Ltd,301400.00,28.0,42196.00,42196.00,0.00,84392.00,385792.00
PR_0040,INV/23-24/7040,2023-11-10,07AAACD5566T1ZE,Dabur India Limited,204300.00,5.0,0.00,0.00,10215.00,10215.00,214515.00
PR_0041,INV/23-24/7041,2023-05-11,24AAACS4433D1ZM,Sun Pharmaceutical Industries Ltd,434200.00,28.0,0.00,0.00,121576.00,121576.00,555776.00
PR_0042,INV/23-24/7042,2023-07-23,27AAACB0002G1Z6,Bharat Petroleum Corp Ltd,283100.00,18.0,25479.00,25479.00,0.00,50958.00,334058.00
PR_0043,INV/23-24/7043,2023-12-18,07AAACH2233P1ZC,Havells India Limited,67500.00,12.0,0.00,0.00,8100.00,8100.00,75600.00
PR_0044,INV/23-24/7044,2023-12-18,19AAACB6655F1ZQ,Britannia Industries Ltd,439600.00,5.0,0.00,0.00,21980.00,21980.00,461580.00
PR_0045,INV/23-24/7045,2024-02-25,27AAACG9876E1Z9,Godrej Consumer Products Ltd,292600.00,18.0,26334.00,26334.00,0.00,52668.00,345268.00
PR_0046,INV/23-24/7046,2023-06-14,27AAACM8890K1Z1,Mahindra & Mahindra Logistics Pvt Ltd,89200.00,12.0,5352.00,5352.00,0.00,10704.00,99904.00
PR_0047,INV/23-24/7047,2024-02-03,27AAACH1111B1Z2,Hindustan Unilever Ltd,147100.00,12.0,8826.00,8826.00,0.00,17652.00,164752.00
PR_0048,INV/23-24/7048,2024-02-16,27AAACM8890K1Z1,Mahindra & Mahindra Logistics Pvt Ltd,150100.00,5.0,3752.50,3752.50,0.00,7505.00,157605.00
PR_0049,INV/23-24/7049,2024-01-22,32AAACA7788L1ZA,Apollo Tyres Ltd,466800.00,28.0,0.00,0.00,130704.00,130704.00,597504.00
PR_0050,INV/23-24/7050,2023-06-17,29AAACT6677K1Z8,Titan Company Ltd,263900.00,18.0,0.00,0.00,47502.00,47502.00,311402.00
PR_0051,INV/23-24/7051,2023-11-13,29AAACT6677K1Z8,Titan Company Ltd,389100.00,5.0,0.00,0.00,19455.00,19455.00,408555.00
PR_0052,INV/23-24/7052,2024-01-28,19AAACB6655F1ZQ,Britannia Industries Ltd,230000.00,18.0,0.00,0.00,41400.00,41400.00,271400.00
PR_0053,INV/23-24/7053,2023-05-08,29AAACI4567A1Z3,Infosys Limited,420600.00,18.0,0.00,0.00,75708.00,75708.00,496308.00
PR_0054,INV/23-24/7054,2023-04-20,27AAACA0001F1Z4,Asian Paints Limited,375200.00,28.0,52528.00,52528.00,0.00,105056.00,480256.00
PR_0055,INV/23-24/7055,2023-05-10,29AAACI4567A1Z3,Infosys Limited,240100.00,18.0,0.00,0.00,43218.00,43218.00,283318.00
PR_0056,INV/23-24/7056,2024-01-23,27AABCR1234D1ZA,Reliance Retail Private Limited,384000.00,28.0,53760.00,53760.00,0.00,107520.00,491520.00
PR_0057,INV/23-24/7057,2024-01-18,24AAACA3322C1ZK,Adani Enterprises Ltd,373400.00,5.0,0.00,0.00,18670.00,18670.00,392070.00
PR_0058,INV/23-24/7058,2024-02-04,19AAACB6655F1ZQ,Britannia Industries Ltd,268300.00,12.0,0.00,0.00,32196.00,32196.00,300496.00
PR_0059,INV/23-24/7059,2023-11-17,32AAACA7788L1ZA,Apollo Tyres Ltd,55600.00,12.0,0.00,0.00,6672.00,6672.00,62272.00
PR_0060,INV/23-24/7060,2023-12-15,27AAACL0123M1Z8,Larsen & Toubro Ltd,74000.00,18.0,6660.00,6660.00,0.00,13320.00,87320.00
PR_0061,INV/23-24/7061,2023-08-05,19AAACB6655F1ZQ,Britannia Industries Ltd,37000.00,12.0,0.00,0.00,4440.00,4440.00,41440.00
PR_0062,INV/23-24/7062,2023-12-25,07AAACH8877H1ZU,Hero MotoCorp Ltd,364900.00,28.0,0.00,0.00,102172.00,102172.00,467072.00
PR_0063,INV/23-24/7063,2023-10-08,06AAACM9900N1ZG,Maruti Suzuki India Ltd,303100.00,12.0,0.00,0.00,36372.00,36372.00,339472.00
PR_0064,INV/23-24/7064,2023-09-21,27AAACA0001F1Z4,Asian Paints Limited,339800.00,28.0,47572.00,47572.00,0.00,95144.00,434944.00
PR_0065,INV/23-24/7065,2023-05-04,08AAACV7766G1ZS,Vedanta Resources Ltd,279100.00,5.0,0.00,0.00,13955.00,13955.00,293055.00
PR_0066,INV/23-24/7066,2024-03-13,07AAACH2233P1ZC,Havells India Limited,462000.00,5.0,0.00,0.00,23100.00,23100.00,485100.00
PR_0067,INV/23-24/7067,2024-03-02,27AAACB0002G1Z6,Bharat Petroleum Corp Ltd,211400.00,18.0,19026.00,19026.00,0.00,38052.00,249452.00
PR_0068,INV/23-24/7068,2023-05-12,27AAACC5544E1ZO,Cipla Limited,278000.00,12.0,16680.00,16680.00,0.00,33360.00,311360.00
PR_0069,INV/23-24/7069,2023-09-06,24AAACS4433D1ZM,Sun Pharmaceutical Industries Ltd,291500.00,12.0,0.00,0.00,34980.00,34980.00,326480.00
PR_0070,INV/23-24/7070,2024-01-30,19AAACB6655F1ZQ,Britannia Industries Ltd,110600.00,28.0,0.00,0.00,30968.00,30968.00,141568.00
PR_0071,INV/23-24/7071,2024-01-12,07AAACH8877H1ZU,Hero MotoCorp Ltd,258600.00,5.0,0.00,0.00,12930.00,12930.00,271530.00
PR_0072,INV/23-24/7072,2024-03-09,27AAACB0002G1Z6,Bharat Petroleum Corp Ltd,109600.00,18.0,9864.00,9864.00,0.00,19728.00,129328.00
PR_0073,INV/23-24/7073,2023-12-17,07AAACH8877H1ZU,Hero MotoCorp Ltd,351800.00,5.0,0.00,0.00,17590.00,17590.00,369390.00
PR_0074,INV/23-24/7074,2023-07-02,27AAACT2727Q1ZW,Tata Consultancy Services Ltd,258000.00,18.0,23220.00,23220.00,0.00,46440.00,304440.00
PR_0075,INV/23-24/7075,2023-07-08,27AAACG9876E1Z9,Godrej Consumer Products Ltd,403300.00,18.0,36297.00,36297.00,0.00,72594.00,475894.00
PR_0076,INV/23-24/7076,2023-05-10,29AAACW1122J1Z7,Wipro Technologies Pvt Ltd,131900.00,12.0,0.00,0.00,15828.00,15828.00,147728.00
PR_0077,INV/23-24/7077,2024-01-02,27AAACA0001F1Z4,Asian Paints Limited,420800.00,5.0,10520.00,10520.00,0.00,21040.00,441840.00
PR_0078,INV/23-24/7078,2024-02-11,07AAACZ9988J1ZW,Zomato Private Limited,280800.00,5.0,0.00,0.00,14040.00,14040.00,294840.00
PR_0079,INV/23-24/7079,2023-06-23,27AAACM8890K1Z1,Mahindra & Mahindra Logistics Pvt Ltd,131300.00,28.0,18382.00,18382.00,0.00,36764.00,168064.00
PR_0080,INV/23-24/7080,2023-04-23,27AAACB2345H1Z5,Bajaj Electricals Ltd,363500.00,12.0,21810.00,21810.00,0.00,43620.00,407120.00
PR_0081,INV/23-24/7081,2023-11-14,07AAACD5566T1ZE,Dabur India Limited,199500.00,18.0,0.00,0.00,35910.00,35910.00,235410.00
PR_0082,INV/23-24/7082,2023-07-29,27AAACC5544E1ZO,Cipla Limited,372700.00,18.0,33543.00,33543.00,0.00,67086.00,439786.00
PR_0083,INV/23-24/7083,2023-11-27,24AAACA3322C1ZK,Adani Enterprises Ltd,258500.00,12.0,0.00,0.00,31020.00,31020.00,289520.00
PR_0084,INV/23-24/7084,2023-11-12,27AAACG9876E1Z9,Godrej Consumer Products Ltd,472200.00,18.0,42498.00,42498.00,0.00,84996.00,557196.00
PR_0085,INV/23-24/7085,2023-12-14,29AAACT6677K1Z8,Titan Company Ltd,317800.00,18.0,0.00,0.00,57204.00,57204.00,375004.00
PR_0086,INV/23-24/7086,2023-07-12,06AAACM9900N1ZG,Maruti Suzuki India Ltd,137700.00,28.0,0.00,0.00,38556.00,38556.00,176256.00
PR_0087,INV/23-24/7087,2023-04-27,27AAACC5544E1ZO,Cipla Limited,209800.00,12.0,12588.00,12588.00,0.00,25176.00,234976.00
PR_0088,INV/23-24/7088,2024-01-09,19AAACB6655F1ZQ,Britannia Industries Ltd,309000.00,28.0,0.00,0.00,86520.00,86520.00,395520.00
PR_0089,INV/23-24/7089,2023-05-13,27AAACL0123M1Z8,Larsen & Toubro Ltd,238500.00,5.0,5962.50,5962.50,0.00,11925.00,250425.00
PR_0090,INV/23-24/7090,2023-11-17,29AAGCB1234K1ZY,Swiggy Bundl Technologies Pvt Ltd,228400.00,12.0,0.00,0.00,27408.00,27408.00,255808.00
PR_0091,INV/23-24/7091,2023-05-17,06AAACM9900N1ZG,Maruti Suzuki India Ltd,363300.00,12.0,0.00,0.00,43596.00,43596.00,406896.00
PR_0092,INV/23-24/7092,2023-04-14,29AAACW1122J1Z7,Wipro Technologies Pvt Ltd,291300.00,28.0,0.00,0.00,81564.00,81564.00,372864.00
PR_0093,INV/23-24/7093,2023-12-14,07AAACD5566T1ZE,Dabur India Limited,329700.00,5.0,0.00,0.00,16485.00,16485.00,346185.00
PR_0094,INV/23-24/7094,2023-05-12,27AAACU3344R1Z0,UltraTech Cement Ltd,321300.00,12.0,19278.00,19278.00,0.00,38556.00,359856.00
PR_0095,INV/23-24/7095,2023-05-21,29AAACW1122J1Z7,Wipro Technologies Pvt Ltd,266000.00,5.0,0.00,0.00,13300.00,13300.00,279300.00
PR_0096,INV/23-24/7096,2023-06-10,19AAACB6655F1ZQ,Britannia Industries Ltd,124600.00,18.0,0.00,0.00,22428.00,22428.00,147028.00
PR_0097,INV/23-24/7097,2024-03-22,29AAACI4567A1Z3,Infosys Limited,392000.00,18.0,0.00,0.00,70560.00,70560.00,462560.00
PR_0098,INV/23-24/7098,2024-02-10,27AAACM8890K1Z1,Mahindra & Mahindra Logistics Pvt Ltd,372400.00,28.0,52136.00,52136.00,0.00,104272.00,476672.00
PR_0099,INV/23-24/7099,2023-08-10,27AAACT2727Q1ZW,Tata Consultancy Services Ltd,20500.00,5.0,512.50,512.50,0.00,1025.00,21525.00
PR_0100,INV/23-24/7100,2024-02-06,27AAACG9876E1Z9,Godrej Consumer Products Ltd,454500.00,12.0,27270.00,27270.00,0.00,54540.00,509040.00
